host_t_us,k,p,p_smooth,armed,stimulating,fired
1785712344974509,21363,0.004463,0.004463,1,0,0
1785712345112918,21372,0.005556,0.005556,1,0,0
1785712345249971,21379,0.002202,0.003879,1,0,0
1785712345379744,21387,0.002141,0.003300,1,0,0
1785712345514779,21395,0.003835,0.002726,1,0,0
1785712345648684,21403,0.002286,0.002754,1,0,0
1785712345780104,21412,0.002362,0.002362,1,0,0
1785712345912781,21420,0.001633,0.001998,1,0,0
1785712346042854,21428,0.002398,0.002131,1,0,0
1785712346177017,21435,0.003666,0.002565,1,0,0
1785712346307631,21443,0.003933,0.003332,1,0,0
1785712346441486,21451,0.024240,0.010613,1,0,0
1785712346575334,21459,0.077009,0.035061,1,0,0
1785712346706835,21467,0.576307,0.225852,1,0,0
1785712346839261,21475,0.856894,0.503404,1,0,0
1785712346969697,21483,0.964698,0.799300,0,1,1
1785712347124427,21492,0.955701,0.955701,0,1,1
1785712347279123,21502,0.965773,0.965773,0,1,1
1785712347438087,21511,0.959106,0.959106,0,1,1
1785712347592136,21520,0.926309,0.926309,0,1,1
1785712347748710,21529,0.914303,0.914303,0,1,1
1785712347908570,21539,0.769744,0.769744,0,1,1
1785712348066400,21548,0.964971,0.964971,0,1,1
1785712348226117,21558,0.941405,0.941405,0,1,1
1785712348386550,21568,0.930955,0.930955,0,1,1
1785712348550412,21577,0.935455,0.935455,0,1,1
1785712348706672,21587,0.774226,0.774226,0,1,1
1785712348865366,21595,0.870904,0.822565,0,1,0
1785712348998033,21604,0.973639,0.973639,0,1,1
1785712349156168,21613,0.947301,0.947301,0,1,1
1785712349313209,21623,0.981375,0.981375,0,1,1
1785712349474837,21633,0.983696,0.983696,0,1,1
1785712349639699,21643,0.975594,0.975594,0,1,1
1785712349798741,21653,0.995721,0.995721,0,1,1
1785712349956882,21662,0.994281,0.994281,0,1,1
1785712350132003,21673,0.955232,0.955232,0,1,1
1785712350291787,21682,0.926635,0.926635,0,1,1
1785712350446728,21691,0.690934,0.690934,0,1,1
1785712350603148,21700,0.403766,0.403766,1,0,0
1785712350737212,21709,0.120920,0.120920,1,0,0
1785712350870814,21717,0.056298,0.088609,1,0,0
1785712351001121,21725,0.032021,0.069746,1,0,0
1785712351133816,21731,0.011730,0.033349,1,0,0
1785712351257160,21740,0.031912,0.031912,1,0,0
1785712351391726,21748,0.029403,0.030658,1,0,0
1785712351524177,21756,0.030255,0.030524,1,0,0
1785712351654862,21764,0.011972,0.023877,1,0,0
1785712351788365,21772,0.012507,0.018245,1,0,0
1785712351919562,21780,0.012193,0.012224,1,0,0
1785712352049795,21788,0.028042,0.017581,1,0,0
1785712352180790,21796,0.020976,0.020404,1,0,0
1785712352313041,21803,0.006294,0.018437,1,0,0
1785712352442596,21811,0.005405,0.010892,1,0,0
1785712352575371,21819,0.035196,0.015632,1,0,0
1785712352707423,21827,0.016228,0.018943,1,0,0
1785712352840776,21835,0.025124,0.025516,1,0,0
1785712352969729,21843,0.022735,0.021363,1,0,0
1785712353099686,21851,0.026391,0.024750,1,0,0
1785712353230952,21859,0.009776,0.019634,1,0,0
1785712353473507,21873,0.011249,0.011249,1,0,0
1785712353604130,21881,0.041594,0.026421,1,0,0
1785712353738425,21889,0.434022,0.162288,1,0,0
1785712353870173,21897,0.864557,0.446724,1,0,0
1785712354001844,21905,0.981950,0.760176,0,1,1
1785712354155872,21914,0.985932,0.985932,0,1,1
1785712354311164,21924,0.984340,0.984340,0,1,1
1785712354465755,21933,0.964676,0.964676,0,1,1
1785712354623189,21943,0.962839,0.962839,0,1,1
1785712354780301,21952,0.728321,0.728321,0,1,1
1785712354935348,21961,0.597665,0.597665,1,0,0
1785712355073249,21970,0.876919,0.876919,0,1,1
1785712355275064,21979,0.970823,0.970823,0,1,1
1785712355461005,21991,0.973382,0.973382,0,1,1
1785712355625995,22000,0.972362,0.972362,0,1,1
1785712355786431,22012,0.965717,0.965717,0,1,1
1785712355950837,22022,0.890387,0.890387,0,1,1
1785712356110015,22031,0.869602,0.869602,0,1,1
1785712356266168,22041,0.557078,0.557078,1,0,0
1785712356401100,22049,0.646359,0.601719,1,0,0
1785712356533525,22057,0.782447,0.661961,1,0,0
1785712356666153,22065,0.552110,0.660306,1,0,0
1785712356799707,22072,0.103846,0.479468,1,0,0
1785712356928645,22080,0.009148,0.221702,1,0,0
1785712357062007,22088,0.024853,0.045949,1,0,0
1785712357195918,22096,0.026098,0.020033,1,0,0
1785712357328474,22104,0.012041,0.020997,1,0,0
1785712357462236,22113,0.012843,0.012843,1,0,0
1785712357596871,22121,0.006046,0.009444,1,0,0
1785712357729648,22128,0.005027,0.007972,1,0,0
1785712357858422,22136,0.001409,0.004161,1,0,0
1785712357991643,22144,0.008937,0.005124,1,0,0
1785712358124866,22152,0.010467,0.006937,1,0,0
1785712358257718,22160,0.023759,0.014387,1,0,0
1785712358389294,22168,0.019440,0.017888,1,0,0
1785712358519811,22175,0.018074,0.020424,1,0,0
1785712358647585,22183,0.017098,0.018204,1,0,0
1785712358779763,22191,0.503514,0.179562,1,0,0
1785712358913079,22200,0.951489,0.951489,0,1,1
1785712359068696,22209,0.976572,0.976572,0,1,1
1785712359225136,22218,0.957060,0.957060,0,1,1
1785712359384375,22227,0.916759,0.916759,0,1,1
1785712359540575,22235,0.881684,0.899221,0,1,0
1785712359675321,22241,0.671283,0.823242,0,1,0
1785712359803144,22251,0.887562,0.887562,0,1,1
1785712359963009,22261,0.910156,0.910156,0,1,1
1785712360123901,22271,0.975869,0.975869,0,1,1
1785712360286418,22282,0.986326,0.986326,0,1,1
1785712360447882,22292,0.981521,0.981521,0,1,1
1785712360617816,22302,0.891070,0.891070,0,1,1
1785712360776340,22312,0.645570,0.645570,1,0,0
1785712360911861,22320,0.350275,0.497922,1,0,0
1785712361042998,22328,0.354684,0.450176,1,0,0
1785712361178054,22335,0.183193,0.296051,1,0,0
1785712361307212,22343,0.345226,0.294368,1,0,0
1785712361440017,22351,0.730007,0.419475,1,0,0
1785712361572692,22359,0.827546,0.634260,1,0,0
1785712361704854,22367,0.919273,0.825609,0,1,1
1785712361857974,22376,0.605411,0.605411,1,0,0
1785712361993863,22384,0.604461,0.604936,1,0,0
1785712362126366,22393,0.718190,0.718190,0,1,1
1785712362279348,22400,0.788967,0.753579,0,1,0
1785712362408066,22409,0.084033,0.084033,1,0,0
1785712362543340,22418,0.014785,0.014785,1,0,0
1785712362678420,22425,0.003756,0.009271,1,0,0
1785712362808242,22433,0.004559,0.007700,1,0,0
1785712362941970,22441,0.001794,0.003370,1,0,0
1785712363075113,22449,0.003314,0.003222,1,0,0
1785712363206034,22457,0.005653,0.003587,1,0,0
1785712363338511,22465,0.208984,0.072650,1,0,0
1785712363470779,22473,0.722051,0.312230,1,0,0
1785712363600040,22481,0.254880,0.395305,1,0,0
1785712363731073,22489,0.286336,0.421089,1,0,0
1785712363863109,22497,0.139321,0.226846,1,0,0
1785712363994955,22504,0.027106,0.150921,1,0,0
1785712364124759,22512,0.088260,0.084896,1,0,0
1785712364256010,22520,0.428389,0.181251,1,0,0
1785712364388336,22528,0.077984,0.198211,1,0,0
1785712364518288,22536,0.085191,0.197188,1,0,0
1785712364647809,22544,0.045544,0.069573,1,0,0
1785712364779728,22551,0.208892,0.113209,1,0,0
1785712364907830,22559,0.473252,0.242563,1,0,0
1785712365040002,22567,0.534620,0.405588,1,0,0
1785712365174979,22575,0.408643,0.472171,1,0,0
1785712365305895,22583,0.564183,0.502482,1,0,0
1785712365440858,22591,0.286843,0.419890,1,0,0
1785712365571199,22599,0.294803,0.381943,1,0,0
1785712365717905,22608,0.301044,0.301044,1,0,0
1785712365850424,22616,0.041026,0.171035,1,0,0
1785712365983048,22624,0.009175,0.117082,1,0,0
1785712366116100,22632,0.001956,0.017386,1,0,0
1785712366249300,22639,0.010720,0.007284,1,0,0
1785712366379034,22647,0.008979,0.007218,1,0,0
1785712366516230,22655,0.004543,0.008080,1,0,0
1785712366650909,22663,0.002506,0.005342,1,0,0
1785712366786890,22672,0.001109,0.001109,1,0,0
1785712366920598,22679,0.000625,0.000867,1,0,0
1785712367048714,22688,0.000216,0.000216,1,0,0
1785712367182668,22696,0.000121,0.000169,1,0,0
1785712367313213,22704,0.000653,0.000330,1,0,0
1785712367445034,22711,0.001210,0.000661,1,0,0
1785712367575963,22719,0.000754,0.000873,1,0,0
1785712367707162,22727,0.000661,0.000875,1,0,0
1785712367838578,22735,0.000204,0.000540,1,0,0
1785712367968842,22743,0.000070,0.000312,1,0,0
1785712368097962,22751,0.000386,0.000220,1,0,0
1785712368230539,22758,0.000430,0.000295,1,0,0
1785712368358477,22766,0.002978,0.001265,1,0,0
1785712368490940,22774,0.008353,0.003920,1,0,0
1785712368623504,22782,0.023456,0.011595,1,0,0
1785712368758045,22790,0.073670,0.035159,1,0,0
1785712368890845,22798,0.025009,0.040711,1,0,0
1785712369020402,22806,0.143828,0.080835,1,0,0
1785712369153486,22814,0.045473,0.071437,1,0,0
1785712369286265,22822,0.120422,0.103241,1,0,0
1785712369418861,22830,0.185917,0.117271,1,0,0
1785712369550389,22837,0.084006,0.130115,1,0,0
1785712369679897,22845,0.090598,0.120174,1,0,0
1785712369814947,22853,0.075165,0.083256,1,0,0
1785712369948031,22861,0.033965,0.066576,1,0,0
1785712370081463,22869,0.021284,0.043472,1,0,0
1785712370213250,22878,0.009126,0.009126,1,0,0
1785712370345040,22886,0.116456,0.062791,1,0,0
1785712370476124,22893,0.246642,0.124075,1,0,0
1785712370606499,22901,0.302137,0.221745,1,0,0
1785712370738737,22909,0.123169,0.223983,1,0,0
1785712370890641,22918,0.186683,0.186683,1,0,0
1785712371042566,22927,0.062272,0.062272,1,0,0
1785712371179339,22935,0.016673,0.039473,1,0,0
1785712371315081,22943,0.073175,0.050707,1,0,0
1785712371448954,22951,0.039802,0.043217,1,0,0
1785712371581570,22959,0.163232,0.092070,1,0,0
1785712371713660,22967,0.283675,0.162236,1,0,0
1785712371843403,22976,0.863498,0.863498,0,1,1
1785712371999485,22985,0.965405,0.965405,0,1,1
1785712372155937,22994,0.960679,0.960679,0,1,1
1785712372313083,23003,0.804461,0.804461,0,1,1
1785712372469177,23013,0.965832,0.965832,0,1,1
1785712372626564,23023,0.669368,0.669368,1,0,0
1785712372761513,23030,0.608058,0.638713,1,0,0
1785712372889050,23038,0.795605,0.691011,0,1,1
1785712373043469,23048,0.967012,0.967012,0,1,1
1785712373201320,23057,0.980720,0.980720,0,1,1
1785712373355967,23066,0.989757,0.989757,0,1,1
1785712373511594,23076,0.939149,0.939149,0,1,1
1785712373667009,23085,0.871202,0.871202,0,1,1
1785712373821250,23094,0.717141,0.717141,0,1,1
1785712373975469,23104,0.248842,0.248842,1,0,0
1785712374110373,23111,0.259679,0.254261,1,0,0
1785712374237140,23119,0.043331,0.183951,1,0,0
1785712374369590,23127,0.032325,0.111778,1,0,0
1785712374501088,23135,0.058324,0.044660,1,0,0
1785712374633328,23143,0.002681,0.031110,1,0,0
1785712374768676,23150,0.005336,0.022114,1,0,0
1785712374899055,23158,0.003631,0.003883,1,0,0
1785712375031153,23167,0.002274,0.002274,1,0,0
1785712375165057,23175,0.005547,0.003910,1,0,0
1785712375294937,23183,0.002202,0.003341,1,0,0
1785712375426488,23190,0.001776,0.003175,1,0,0
1785712375557165,23198,0.002543,0.002174,1,0,0
1785712375690897,23206,0.003750,0.002690,1,0,0
1785712375824526,23214,0.020047,0.008780,1,0,0
1785712375955977,23222,0.097098,0.040298,1,0,0
1785712376097730,23230,0.191270,0.102805,1,0,0
1785712376230448,23238,0.360988,0.216452,1,0,0
1785712376361825,23247,0.054528,0.054528,1,0,0
1785712376493481,23255,0.228497,0.141512,1,0,0
1785712376624348,23262,0.246674,0.176566,1,0,0
1785712376755614,23270,0.210402,0.228524,1,0,0
1785712376887215,23278,0.148568,0.201881,1,0,0
1785712377019846,23285,0.044810,0.134593,1,0,0
1785712377149063,23293,0.025053,0.072811,1,0,0
1785712377283236,23302,0.020284,0.020284,1,0,0
1785712377416872,23309,0.007485,0.013885,1,0,0
1785712377545559,23318,0.001510,0.001510,1,0,0
1785712377678513,23325,0.000975,0.001242,1,0,0
1785712377806897,23333,0.000773,0.001086,1,0,0
1785712377940247,23341,0.000783,0.000844,1,0,0
1785712378073557,23349,0.000802,0.000786,1,0,0
1785712378205005,23357,0.001008,0.000864,1,0,0
1785712378337545,23365,0.000487,0.000766,1,0,0
1785712378470352,23373,0.020856,0.007450,1,0,0
1785712378600215,23381,0.042627,0.021323,1,0,0
1785712378732783,23389,0.302133,0.121872,1,0,0
1785712378864501,23397,0.654628,0.333129,1,0,0
1785712378998461,23404,0.820071,0.592277,1,0,0
1785712379127883,23412,0.746908,0.740536,0,1,1
1785712379283288,23422,0.513560,0.513560,1,0,0
1785712379421686,23430,0.385224,0.449392,1,0,0
1785712379553337,23438,0.779804,0.559529,1,0,0
1785712379685283,23446,0.889507,0.684845,0,1,1
1785712379837087,23455,0.978067,0.978067,0,1,1
1785712379993271,23464,0.979913,0.979913,0,1,1
1785712380148147,23473,0.974435,0.974435,0,1,1
1785712380307095,23483,0.903777,0.903777,0,1,1
1785712380468891,23492,0.940223,0.940223,0,1,1
1785712380629275,23502,0.802962,0.802962,0,1,1
1785712380790769,23512,0.893525,0.893525,0,1,1
1785712380957056,23522,0.916125,0.916125,0,1,1
1785712381116033,23532,0.891712,0.891712,0,1,1
1785712381294985,23543,0.935324,0.935324,0,1,1
1785712381457227,23552,0.979259,0.979259,0,1,1
1785712381615860,23562,0.940490,0.940490,0,1,1
1785712381773716,23572,0.878623,0.878623,0,1,1
1785712381927994,23579,0.840069,0.859346,0,1,0
1785712382055799,23585,0.784242,0.834311,0,1,0
1785712382296016,23595,0.847349,0.847349,0,1,1
1785712382446070,23605,0.954920,0.954920,0,1,1
1785712382606006,23617,0.969668,0.969668,0,1,1
1785712382771305,23627,0.905908,0.905908,0,1,1
1785712382930219,23639,0.972101,0.972101,0,1,1
1785712383094785,23649,0.975487,0.975487,0,1,1
1785712383255385,23658,0.873470,0.873470,0,1,1
1785712383411277,23669,0.244293,0.244293,1,0,0
1785712383550501,23677,0.205349,0.224821,1,0,0
1785712383682769,23686,0.044505,0.044505,1,0,0
1785712383816313,23694,0.042395,0.043450,1,0,0
1785712383950439,23701,0.041376,0.042759,1,0,0
1785712384078132,23709,0.070317,0.051363,1,0,0
1785712384211282,23717,0.013602,0.041765,1,0,0
1785712384344433,23725,0.003301,0.029073,1,0,0
1785712384474612,23734,0.017589,0.017589,1,0,0
1785712384608375,23741,0.065964,0.041776,1,0,0
1785712384739721,23749,0.029401,0.037651,1,0,0
1785712384871332,23757,0.006001,0.033789,1,0,0
1785712385003812,23765,0.013960,0.016454,1,0,0
1785712385135123,23773,0.007933,0.009298,1,0,0
1785712385267298,23780,0.006105,0.009333,1,0,0
1785712385397651,23788,0.012205,0.008748,1,0,0
1785712385530129,23797,0.026972,0.026972,1,0,0
1785712385662932,23804,0.306211,0.166591,1,0,0
1785712385789834,23812,0.504530,0.279237,1,0,0
1785712385922183,23820,0.974928,0.595223,1,0,0
1785712386057864,23828,0.964836,0.814765,0,1,1
1785712386214080,23838,0.965766,0.965766,0,1,1
1785712386399893,23846,0.982628,0.974197,0,1,0
1785712386532892,23856,0.942157,0.942157,0,1,1
1785712386690646,23866,0.869500,0.869500,0,1,1
1785712386850116,23874,0.840289,0.854894,0,1,0
1785712386980041,23883,0.946007,0.946007,0,1,1
1785712387135784,23893,0.978198,0.978198,0,1,1
1785712387293668,23903,0.960060,0.960060,0,1,1
1785712387451897,23911,0.951592,0.955826,0,1,0
1785712387586284,23920,0.902713,0.902713,0,1,1
1785712387743830,23930,0.396886,0.396886,1,0,0
1785712387883594,23938,0.258940,0.327913,1,0,0
1785712388015595,23946,0.155520,0.270449,1,0,0
1785712388148330,23953,0.276097,0.230186,1,0,0
1785712388277644,23961,0.151195,0.194271,1,0,0
1785712388410126,23969,0.052461,0.159918,1,0,0
1785712388543517,23977,0.075720,0.093125,1,0,0
1785712388674763,23986,0.027916,0.027916,1,0,0
1785712388806576,23993,0.060387,0.044152,1,0,0
1785712388935812,24001,0.354982,0.147762,1,0,0
1785712389067904,24009,0.334189,0.249853,1,0,0
1785712389200490,24016,0.326684,0.338618,1,0,0
1785712389328942,24024,0.123954,0.261609,1,0,0
1785712389462310,24032,0.274912,0.241850,1,0,0
1785712389596342,24040,0.261626,0.220164,1,0,0
1785712389753773,24050,0.171865,0.171865,1,0,0
1785712389893451,24058,0.014407,0.093136,1,0,0
1785712390025796,24066,0.018828,0.068367,1,0,0
1785712390158531,24074,0.028586,0.020607,1,0,0
1785712390290456,24082,0.061500,0.036305,1,0,0
1785712390423358,24090,0.094475,0.061520,1,0,0
1785712390555319,24098,0.168638,0.108204,1,0,0
1785712390687107,24106,0.114007,0.125707,1,0,0
1785712390818469,24113,0.029541,0.104062,1,0,0
1785712390946666,24121,0.045570,0.063040,1,0,0
1785712391078379,24129,0.042512,0.039208,1,0,0
1785712391210305,24137,0.018189,0.035424,1,0,0
1785712391338820,24145,0.016500,0.025734,1,0,0
1785712391485770,24154,0.158156,0.158156,1,0,0
1785712391621281,24162,0.741900,0.450028,1,0,0
1785712391754283,24170,0.974318,0.624791,1,0,0
1785712391886198,24178,0.978965,0.898394,0,1,1
1785712392039333,24187,0.967259,0.967259,0,1,1
1785712392195152,24196,0.948790,0.948790,0,1,1
1785712392352772,24206,0.607912,0.607912,1,0,0
1785712392489574,24214,0.643291,0.625602,1,0,0
1785712392623298,24222,0.882316,0.711173,0,1,1
1785712392776684,24231,0.985091,0.985091,0,1,1
1785712392937247,24241,0.982915,0.982915,0,1,1
1785712393095366,24250,0.973092,0.973092,0,1,1
1785712393254852,24260,0.989125,0.989125,0,1,1
1785712393413486,24270,0.978581,0.978581,0,1,1
1785712393571162,24279,0.795239,0.795239,0,1,1
1785712393726291,24288,0.661982,0.661982,1,0,0
1785712393858450,24296,0.650716,0.656349,1,0,0
1785712393992145,24304,0.645657,0.652785,1,0,0
1785712394125448,24312,0.390944,0.562439,1,0,0
1785712394256344,24320,0.444153,0.493584,1,0,0
1785712394388727,24327,0.471889,0.435662,1,0,0
1785712394518460,24336,0.256238,0.256238,1,0,0
1785712394650908,24344,0.237965,0.247102,1,0,0
1785712394782776,24351,0.058819,0.184341,1,0,0
1785712394908123,24357,0.015148,0.103977,1,0,0
1785712395036225,24365,0.033968,0.035978,1,0,0
1785712395167469,24373,0.025685,0.024934,1,0,0
1785712395300650,24382,0.068634,0.068634,1,0,0
1785712395436438,24390,0.050861,0.059747,1,0,0
1785712395569028,24398,0.012718,0.044071,1,0,0
1785712395700885,24407,0.019340,0.019340,1,0,0
1785712395835129,24415,0.009397,0.014368,1,0,0
1785712395965267,24423,0.011375,0.013371,1,0,0
1785712396099108,24430,0.025171,0.015314,1,0,0
1785712396230795,24438,0.049148,0.028565,1,0,0
1785712396364329,24446,0.071519,0.048612,1,0,0
1785712396512945,24455,0.044042,0.044042,1,0,0
1785712396651538,24463,0.140346,0.092194,1,0,0
1785712396784865,24471,0.232962,0.139116,1,0,0
1785712396916527,24480,0.077372,0.077372,1,0,0
1785712397049433,24488,0.016393,0.046882,1,0,0
1785712397181154,24495,0.008642,0.034136,1,0,0
1785712397308474,24502,0.022865,0.015967,1,0,0
1785712397439386,24511,0.004460,0.004460,1,0,0
1785712397573965,24519,0.001985,0.003223,1,0,0
1785712397705992,24527,0.002691,0.003045,1,0,0
1785712397838700,24535,0.003069,0.002581,1,0,0
1785712397970197,24542,0.010915,0.005558,1,0,0
1785712398097812,24551,0.009402,0.009402,1,0,0
1785712398233276,24559,0.023384,0.016393,1,0,0
1785712398364055,24567,0.025444,0.019410,1,0,0
1785712398496648,24574,0.004980,0.017936,1,0,0
1785712398628785,24582,0.005650,0.012025,1,0,0
1785712398759478,24590,0.002694,0.004441,1,0,0
1785712398893498,24598,0.008050,0.005465,1,0,0
1785712399024984,24606,0.002977,0.004574,1,0,0
1785712399155860,24614,0.117332,0.042786,1,0,0
1785712399287410,24622,0.440630,0.186980,1,0,0
1785712399419348,24630,0.191291,0.249751,1,0,0
1785712399551657,24638,0.249871,0.293930,1,0,0
1785712399683512,24646,0.299210,0.246791,1,0,0
1785712399817427,24653,0.149237,0.232773,1,0,0
1785712399949386,24661,0.048695,0.165714,1,0,0
1785712400083136,24669,0.009653,0.069195,1,0,0
1785712400215688,24677,0.008817,0.022388,1,0,0
1785712400347083,24686,0.264225,0.264225,1,0,0
1785712400483168,24694,0.797327,0.530776,1,0,0
1785712400613677,24702,0.737536,0.599696,1,0,0
1785712400745528,24709,0.663830,0.732898,0,1,1
1785712400896385,24718,0.264233,0.264233,1,0,0
1785712401036369,24727,0.210421,0.210421,1,0,0
1785712401171496,24735,0.127812,0.169116,1,0,0
1785712401303558,24743,0.013019,0.117084,1,0,0
1785712401436235,24750,0.026033,0.055621,1,0,0
1785712401566202,24758,0.043363,0.027472,1,0,0
1785712401718458,24767,0.046833,0.046833,1,0,0
1785712401853864,24776,0.081683,0.081683,1,0,0
1785712401987261,24784,0.391777,0.236730,1,0,0
1785712402119029,24792,0.431586,0.301682,1,0,0
1785712402250249,24799,0.269663,0.364342,1,0,0
1785712402379312,24807,0.459332,0.386860,1,0,0
1785712402512516,24815,0.826074,0.518356,1,0,0
1785712402645634,24823,0.324986,0.536797,1,0,0
1785712402777329,24831,0.076529,0.409196,1,0,0
1785712402910264,24839,0.010507,0.137341,1,0,0
1785712403040336,24847,0.005727,0.030921,1,0,0
1785712403170793,24855,0.008033,0.008089,1,0,0
1785712403302603,24863,0.013426,0.009062,1,0,0
1785712403435144,24871,0.003203,0.008220,1,0,0
1785712403568638,24878,0.001995,0.006208,1,0,0
1785712403697492,24886,0.002860,0.002686,1,0,0
1785712403831093,24895,0.002246,0.002246,1,0,0
1785712403965560,24902,0.001083,0.001665,1,0,0
1785712404095974,24911,0.002667,0.002667,1,0,0
1785712404230478,24918,0.002101,0.002384,1,0,0
1785712404358063,24926,0.003177,0.002648,1,0,0
1785712404491471,24934,0.006057,0.003778,1,0,0
1785712404625042,24942,0.001146,0.003460,1,0,0
1785712404756550,24950,0.002931,0.003378,1,0,0
1785712404891256,24958,0.013553,0.005877,1,0,0
